objectPath,objectName,objectType,id
/Explore,Default,Project,8RB7Ew3U0F0fuEO8OOqXqY
/Explore/Default,MappingTask_Aggregatgor,MTT,0DerCz5Ll4AiGITArzjz0O
/Explore/Default,m_aggregator,DTEMPLATE,8431QU27wsJcqQXoNB09qD
/Explore/Default,m_Student,DTEMPLATE,aym1esldeCcbsM6ugAOTMY
/SYS,SQLserver,Connection,4dniIJ77Rg7fmygKNUKecp
/Explore/Default,Fixed-Width File Format2_new,FWCONFIG,2trqk8eCD22jyONdjDhbAc
/Explore/Default,m_fact,DTEMPLATE,7KkDSxQ17Y5eDh0Q1trqaq
/SYS,23005ee9818a570,AgentGroup,0845Z72ynV7kupv1kjSGKw
/Explore/Default,m_time,DTEMPLATE,gCcYGqRZxEufMTzhJ42Q8W
/Explore/Default,MappingTask_Staging,MTT,5u1TRiXgLYSc3TLoXKdHkk
/Explore/Default,U_Department,DTEMPLATE,1XXvR6VoaQDgK85hIpnzeS
/Explore/Default,MappingTask_Fact,MTT,fAzqYMis3uil8BST1sbJQV
/Explore/Default,Result_Staging,DTEMPLATE,7sYIt7XtKaPiq778RM0288
/SYS,IICS,Connection,a4Ern4yUaRlhqdI8tr3WE3
/Explore/Default,MappingTask_College,MTT,4J6WjBdKX8nfGK7XAkXj8i
/Explore/Default,Integrated_workflow,TASKFLOW,1AFeJKFOQdDlAweY0mv0wI
/Explore/Default,MappingTask_cource,MTT,4DnVKo5nriyiqBtqfTqWGc
/Explore/Default,MappingTask_Student,MTT,1BxYbHeI6qJjnUWfx9Oe8F
/Explore/Default,m_College,DTEMPLATE,jBE5ShU2iQufr4GOLvmHau
/Explore/Default,U_Faculty,DTEMPLATE,4N4tVURow5SkjF95szPnmy
/Explore/Default,m_cource,DTEMPLATE,5zKqXmlnhSoilAbRuYqDQ8
/Explore/Default,MappingTask_Faculty,MTT,5dpiXsr2Pflfix06pp9PQ7
/Explore/Default,U_Dep_MappingTask,MTT,7WGHRDKRd2xjVLMxgpcVQf
/Explore/Default,MappingTask_time,MTT,6kXq4tu2Oz4gsqffzN7hGj