{
  "name" : "Integrated_workflow-1744168568382",
  "sourceOrgId" : "582IS71ZUZRdkKB2DFxa2f",
  "sourceOrgName" : "Cognizant",
  "exportedObjects" : [ {
    "objectGuid" : "8RB7Ew3U0F0fuEO8OOqXqY",
    "objectName" : "Default",
    "objectType" : "Project",
    "path" : "/Explore",
    "metadata" : {
      "modelVersion" : {
        "major" : 0,
        "minor" : 0
      },
      "repoInfo" : null,
      "objectRefs" : [ ],
      "contextAttributes" : [ {
        "name" : "IS_DEF_LOC",
        "value" : "true"
      } ],
      "additionalInfo" : {
        "description" : "Auto-generated Default Project",
        "contentType" : null,
        "documentState" : "COMPLETE"
      }
    }
  }, {
    "objectGuid" : "0DerCz5Ll4AiGITArzjz0O",
    "objectName" : "MappingTask_Aggregatgor",
    "objectType" : "MTT",
    "path" : "/Explore/Default",
    "metadata" : {
      "modelVersion" : {
        "major" : 0,
        "minor" : 0
      },
      "repoInfo" : {
        "repoHandle" : "012X2C0Z00000000000P"
      },
      "objectRefs" : [ "8431QU27wsJcqQXoNB09qD", "0845Z72ynV7kupv1kjSGKw", "4dniIJ77Rg7fmygKNUKecp" ],
      "contextAttributes" : [ {
        "name" : "id",
        "value" : "@1"
      } ],
      "additionalInfo" : {
        "description" : null,
        "contentType" : "JSON",
        "documentState" : "VALID"
      }
    }
  }, {
    "objectGuid" : "8431QU27wsJcqQXoNB09qD",
    "objectName" : "m_aggregator",
    "objectType" : "DTEMPLATE",
    "path" : "/Explore/Default",
    "metadata" : {
      "modelVersion" : {
        "major" : 0,
        "minor" : 0
      },
      "repoInfo" : {
        "repoHandle" : "012X2C1700000000000I"
      },
      "objectRefs" : [ "4dniIJ77Rg7fmygKNUKecp" ],
      "contextAttributes" : [ {
        "name" : "id",
        "value" : "@1"
      } ],
      "additionalInfo" : {
        "description" : "",
        "contentType" : "JSON",
        "documentState" : "VALID"
      }
    }
  }, {
    "objectGuid" : "aym1esldeCcbsM6ugAOTMY",
    "objectName" : "m_Student",
    "objectType" : "DTEMPLATE",
    "path" : "/Explore/Default",
    "metadata" : {
      "modelVersion" : {
        "major" : 0,
        "minor" : 0
      },
      "repoInfo" : {
        "repoHandle" : "012X2C1700000000000F"
      },
      "objectRefs" : [ "4dniIJ77Rg7fmygKNUKecp", "a4Ern4yUaRlhqdI8tr3WE3" ],
      "contextAttributes" : [ {
        "name" : "id",
        "value" : "@1"
      } ],
      "additionalInfo" : {
        "description" : "",
        "contentType" : "JSON",
        "documentState" : "VALID"
      }
    }
  }, {
    "objectGuid" : "4dniIJ77Rg7fmygKNUKecp",
    "objectName" : "SQLserver",
    "objectType" : "Connection",
    "path" : "/SYS",
    "metadata" : {
      "modelVersion" : {
        "major" : 0,
        "minor" : 0
      },
      "repoInfo" : {
        "repoHandle" : "012X2C0B000000000006"
      },
      "objectRefs" : [ "0845Z72ynV7kupv1kjSGKw" ],
      "contextAttributes" : [ {
        "name" : "id",
        "value" : "@1"
      } ],
      "additionalInfo" : {
        "description" : null,
        "contentType" : "JSON",
        "documentState" : "COMPLETE"
      }
    }
  }, {
    "objectGuid" : "2trqk8eCD22jyONdjDhbAc",
    "objectName" : "Fixed-Width File Format2_new",
    "objectType" : "FWCONFIG",
    "path" : "/Explore/Default",
    "metadata" : {
      "modelVersion" : {
        "major" : 0,
        "minor" : 0
      },
      "repoInfo" : {
        "repoHandle" : "012X2C29000000000003"
      },
      "objectRefs" : [ ],
      "contextAttributes" : [ {
        "name" : "id",
        "value" : "@1"
      } ],
      "additionalInfo" : {
        "description" : "",
        "contentType" : "JSON",
        "documentState" : "VALID"
      }
    }
  }, {
    "objectGuid" : "7KkDSxQ17Y5eDh0Q1trqaq",
    "objectName" : "m_fact",
    "objectType" : "DTEMPLATE",
    "path" : "/Explore/Default",
    "metadata" : {
      "modelVersion" : {
        "major" : 0,
        "minor" : 0
      },
      "repoInfo" : {
        "repoHandle" : "012X2C1700000000000H"
      },
      "objectRefs" : [ "4dniIJ77Rg7fmygKNUKecp" ],
      "contextAttributes" : [ {
        "name" : "id",
        "value" : "@1"
      } ],
      "additionalInfo" : {
        "description" : "",
        "contentType" : "JSON",
        "documentState" : "VALID"
      }
    }
  }, {
    "objectGuid" : "0845Z72ynV7kupv1kjSGKw",
    "objectName" : "23005ee9818a570",
    "objectType" : "AgentGroup",
    "path" : "/SYS",
    "metadata" : {
      "modelVersion" : {
        "major" : 0,
        "minor" : 0
      },
      "repoInfo" : {
        "repoHandle" : "012X2C25000000000002"
      },
      "objectRefs" : [ ],
      "contextAttributes" : [ {
        "name" : "id",
        "value" : "@1"
      } ],
      "additionalInfo" : {
        "description" : null,
        "contentType" : "JSON",
        "documentState" : "VALID"
      }
    }
  }, {
    "objectGuid" : "gCcYGqRZxEufMTzhJ42Q8W",
    "objectName" : "m_time",
    "objectType" : "DTEMPLATE",
    "path" : "/Explore/Default",
    "metadata" : {
      "modelVersion" : {
        "major" : 0,
        "minor" : 0
      },
      "repoInfo" : {
        "repoHandle" : "012X2C1700000000000E"
      },
      "objectRefs" : [ "4dniIJ77Rg7fmygKNUKecp", "a4Ern4yUaRlhqdI8tr3WE3" ],
      "contextAttributes" : [ {
        "name" : "id",
        "value" : "@1"
      } ],
      "additionalInfo" : {
        "description" : "",
        "contentType" : "JSON",
        "documentState" : "VALID"
      }
    }
  }, {
    "objectGuid" : "5u1TRiXgLYSc3TLoXKdHkk",
    "objectName" : "MappingTask_Staging",
    "objectType" : "MTT",
    "path" : "/Explore/Default",
    "metadata" : {
      "modelVersion" : {
        "major" : 0,
        "minor" : 0
      },
      "repoInfo" : {
        "repoHandle" : "012X2C0Z00000000000N"
      },
      "objectRefs" : [ "2trqk8eCD22jyONdjDhbAc", "0845Z72ynV7kupv1kjSGKw", "4dniIJ77Rg7fmygKNUKecp", "7sYIt7XtKaPiq778RM0288", "a4Ern4yUaRlhqdI8tr3WE3" ],
      "contextAttributes" : [ {
        "name" : "id",
        "value" : "@1"
      } ],
      "additionalInfo" : {
        "description" : null,
        "contentType" : "JSON",
        "documentState" : "VALID"
      }
    }
  }, {
    "objectGuid" : "1XXvR6VoaQDgK85hIpnzeS",
    "objectName" : "U_Department",
    "objectType" : "DTEMPLATE",
    "path" : "/Explore/Default",
    "metadata" : {
      "modelVersion" : {
        "major" : 0,
        "minor" : 0
      },
      "repoInfo" : {
        "repoHandle" : "012X2C1700000000000C"
      },
      "objectRefs" : [ "4dniIJ77Rg7fmygKNUKecp", "a4Ern4yUaRlhqdI8tr3WE3" ],
      "contextAttributes" : [ {
        "name" : "id",
        "value" : "@1"
      } ],
      "additionalInfo" : {
        "description" : "",
        "contentType" : "JSON",
        "documentState" : "VALID"
      }
    }
  }, {
    "objectGuid" : "fAzqYMis3uil8BST1sbJQV",
    "objectName" : "MappingTask_Fact",
    "objectType" : "MTT",
    "path" : "/Explore/Default",
    "metadata" : {
      "modelVersion" : {
        "major" : 0,
        "minor" : 0
      },
      "repoInfo" : {
        "repoHandle" : "012X2C0Z00000000000O"
      },
      "objectRefs" : [ "7KkDSxQ17Y5eDh0Q1trqaq", "0845Z72ynV7kupv1kjSGKw", "4dniIJ77Rg7fmygKNUKecp" ],
      "contextAttributes" : [ {
        "name" : "id",
        "value" : "@1"
      } ],
      "additionalInfo" : {
        "description" : null,
        "contentType" : "JSON",
        "documentState" : "VALID"
      }
    }
  }, {
    "objectGuid" : "7sYIt7XtKaPiq778RM0288",
    "objectName" : "Result_Staging",
    "objectType" : "DTEMPLATE",
    "path" : "/Explore/Default",
    "metadata" : {
      "modelVersion" : {
        "major" : 0,
        "minor" : 0
      },
      "repoInfo" : {
        "repoHandle" : "012X2C1700000000000G"
      },
      "objectRefs" : [ "2trqk8eCD22jyONdjDhbAc", "4dniIJ77Rg7fmygKNUKecp", "a4Ern4yUaRlhqdI8tr3WE3" ],
      "contextAttributes" : [ {
        "name" : "id",
        "value" : "@1"
      } ],
      "additionalInfo" : {
        "description" : "",
        "contentType" : "JSON",
        "documentState" : "VALID"
      }
    }
  }, {
    "objectGuid" : "a4Ern4yUaRlhqdI8tr3WE3",
    "objectName" : "IICS",
    "objectType" : "Connection",
    "path" : "/SYS",
    "metadata" : {
      "modelVersion" : {
        "major" : 0,
        "minor" : 0
      },
      "repoInfo" : {
        "repoHandle" : "012X2C0B000000000004"
      },
      "objectRefs" : [ "0845Z72ynV7kupv1kjSGKw" ],
      "contextAttributes" : [ {
        "name" : "id",
        "value" : "@1"
      } ],
      "additionalInfo" : {
        "description" : null,
        "contentType" : "JSON",
        "documentState" : "COMPLETE"
      }
    }
  }, {
    "objectGuid" : "4J6WjBdKX8nfGK7XAkXj8i",
    "objectName" : "MappingTask_College",
    "objectType" : "MTT",
    "path" : "/Explore/Default",
    "metadata" : {
      "modelVersion" : {
        "major" : 0,
        "minor" : 0
      },
      "repoInfo" : {
        "repoHandle" : "012X2C0Z00000000000J"
      },
      "objectRefs" : [ "jBE5ShU2iQufr4GOLvmHau", "0845Z72ynV7kupv1kjSGKw", "4dniIJ77Rg7fmygKNUKecp", "a4Ern4yUaRlhqdI8tr3WE3" ],
      "contextAttributes" : [ {
        "name" : "id",
        "value" : "@1"
      } ],
      "additionalInfo" : {
        "description" : null,
        "contentType" : "JSON",
        "documentState" : "VALID"
      }
    }
  }, {
    "objectGuid" : "1AFeJKFOQdDlAweY0mv0wI",
    "objectName" : "Integrated_workflow",
    "objectType" : "TASKFLOW",
    "path" : "/Explore/Default",
    "metadata" : {
      "modelVersion" : {
        "major" : 1,
        "minor" : 0
      },
      "repoInfo" : {
        "repoHandle" : "1BghuImXycotFgp-gt-226989-2025-04-07T04:15:31.851Z::tf.xml"
      },
      "objectRefs" : [ "0DerCz5Ll4AiGITArzjz0O", "4J6WjBdKX8nfGK7XAkXj8i", "5u1TRiXgLYSc3TLoXKdHkk", "4DnVKo5nriyiqBtqfTqWGc", "fAzqYMis3uil8BST1sbJQV", "1BxYbHeI6qJjnUWfx9Oe8F", "5dpiXsr2Pflfix06pp9PQ7", "7WGHRDKRd2xjVLMxgpcVQf", "6kXq4tu2Oz4gsqffzN7hGj" ],
      "contextAttributes" : null,
      "additionalInfo" : {
        "description" : "",
        "contentType" : "application/json; charset=utf-8",
        "documentState" : "VALID"
      }
    }
  }, {
    "objectGuid" : "4DnVKo5nriyiqBtqfTqWGc",
    "objectName" : "MappingTask_cource",
    "objectType" : "MTT",
    "path" : "/Explore/Default",
    "metadata" : {
      "modelVersion" : {
        "major" : 0,
        "minor" : 0
      },
      "repoInfo" : {
        "repoHandle" : "012X2C0Z00000000000L"
      },
      "objectRefs" : [ "0845Z72ynV7kupv1kjSGKw", "4dniIJ77Rg7fmygKNUKecp", "5zKqXmlnhSoilAbRuYqDQ8", "a4Ern4yUaRlhqdI8tr3WE3" ],
      "contextAttributes" : [ {
        "name" : "id",
        "value" : "@1"
      } ],
      "additionalInfo" : {
        "description" : null,
        "contentType" : "JSON",
        "documentState" : "VALID"
      }
    }
  }, {
    "objectGuid" : "1BxYbHeI6qJjnUWfx9Oe8F",
    "objectName" : "MappingTask_Student",
    "objectType" : "MTT",
    "path" : "/Explore/Default",
    "metadata" : {
      "modelVersion" : {
        "major" : 0,
        "minor" : 0
      },
      "repoInfo" : {
        "repoHandle" : "012X2C0Z00000000000B"
      },
      "objectRefs" : [ "0845Z72ynV7kupv1kjSGKw", "aym1esldeCcbsM6ugAOTMY", "4dniIJ77Rg7fmygKNUKecp", "a4Ern4yUaRlhqdI8tr3WE3" ],
      "contextAttributes" : [ {
        "name" : "id",
        "value" : "@1"
      } ],
      "additionalInfo" : {
        "description" : null,
        "contentType" : "JSON",
        "documentState" : "VALID"
      }
    }
  }, {
    "objectGuid" : "jBE5ShU2iQufr4GOLvmHau",
    "objectName" : "m_College",
    "objectType" : "DTEMPLATE",
    "path" : "/Explore/Default",
    "metadata" : {
      "modelVersion" : {
        "major" : 0,
        "minor" : 0
      },
      "repoInfo" : {
        "repoHandle" : "012X2C1700000000000A"
      },
      "objectRefs" : [ "4dniIJ77Rg7fmygKNUKecp", "a4Ern4yUaRlhqdI8tr3WE3" ],
      "contextAttributes" : [ {
        "name" : "id",
        "value" : "@1"
      } ],
      "additionalInfo" : {
        "description" : "",
        "contentType" : "JSON",
        "documentState" : "VALID"
      }
    }
  }, {
    "objectGuid" : "4N4tVURow5SkjF95szPnmy",
    "objectName" : "U_Faculty",
    "objectType" : "DTEMPLATE",
    "path" : "/Explore/Default",
    "metadata" : {
      "modelVersion" : {
        "major" : 0,
        "minor" : 0
      },
      "repoInfo" : {
        "repoHandle" : "012X2C1700000000000B"
      },
      "objectRefs" : [ "4dniIJ77Rg7fmygKNUKecp", "a4Ern4yUaRlhqdI8tr3WE3" ],
      "contextAttributes" : [ {
        "name" : "id",
        "value" : "@1"
      } ],
      "additionalInfo" : {
        "description" : "",
        "contentType" : "JSON",
        "documentState" : "VALID"
      }
    }
  }, {
    "objectGuid" : "5zKqXmlnhSoilAbRuYqDQ8",
    "objectName" : "m_cource",
    "objectType" : "DTEMPLATE",
    "path" : "/Explore/Default",
    "metadata" : {
      "modelVersion" : {
        "major" : 0,
        "minor" : 0
      },
      "repoInfo" : {
        "repoHandle" : "012X2C1700000000000D"
      },
      "objectRefs" : [ "4dniIJ77Rg7fmygKNUKecp", "a4Ern4yUaRlhqdI8tr3WE3" ],
      "contextAttributes" : [ {
        "name" : "id",
        "value" : "@1"
      } ],
      "additionalInfo" : {
        "description" : "",
        "contentType" : "JSON",
        "documentState" : "VALID"
      }
    }
  }, {
    "objectGuid" : "5dpiXsr2Pflfix06pp9PQ7",
    "objectName" : "MappingTask_Faculty",
    "objectType" : "MTT",
    "path" : "/Explore/Default",
    "metadata" : {
      "modelVersion" : {
        "major" : 0,
        "minor" : 0
      },
      "repoInfo" : {
        "repoHandle" : "012X2C0Z00000000000K"
      },
      "objectRefs" : [ "0845Z72ynV7kupv1kjSGKw", "4N4tVURow5SkjF95szPnmy", "4dniIJ77Rg7fmygKNUKecp", "a4Ern4yUaRlhqdI8tr3WE3" ],
      "contextAttributes" : [ {
        "name" : "id",
        "value" : "@1"
      } ],
      "additionalInfo" : {
        "description" : null,
        "contentType" : "JSON",
        "documentState" : "VALID"
      }
    }
  }, {
    "objectGuid" : "7WGHRDKRd2xjVLMxgpcVQf",
    "objectName" : "U_Dep_MappingTask",
    "objectType" : "MTT",
    "path" : "/Explore/Default",
    "metadata" : {
      "modelVersion" : {
        "major" : 0,
        "minor" : 0
      },
      "repoInfo" : {
        "repoHandle" : "012X2C0Z000000000008"
      },
      "objectRefs" : [ "0845Z72ynV7kupv1kjSGKw", "1XXvR6VoaQDgK85hIpnzeS", "4dniIJ77Rg7fmygKNUKecp", "a4Ern4yUaRlhqdI8tr3WE3" ],
      "contextAttributes" : [ {
        "name" : "id",
        "value" : "@1"
      } ],
      "additionalInfo" : {
        "description" : null,
        "contentType" : "JSON",
        "documentState" : "VALID"
      }
    }
  }, {
    "objectGuid" : "6kXq4tu2Oz4gsqffzN7hGj",
    "objectName" : "MappingTask_time",
    "objectType" : "MTT",
    "path" : "/Explore/Default",
    "metadata" : {
      "modelVersion" : {
        "major" : 0,
        "minor" : 0
      },
      "repoInfo" : {
        "repoHandle" : "012X2C0Z00000000000M"
      },
      "objectRefs" : [ "0845Z72ynV7kupv1kjSGKw", "gCcYGqRZxEufMTzhJ42Q8W", "4dniIJ77Rg7fmygKNUKecp", "a4Ern4yUaRlhqdI8tr3WE3" ],
      "contextAttributes" : [ {
        "name" : "id",
        "value" : "@1"
      } ],
      "additionalInfo" : {
        "description" : null,
        "contentType" : "JSON",
        "documentState" : "VALID"
      }
    }
  } ]
}