{
  "name" : "MappingTask_Staging-1744168531565",
  "sourceOrgId" : "582IS71ZUZRdkKB2DFxa2f",
  "sourceOrgName" : "Cognizant",
  "exportedObjects" : [ {
    "objectGuid" : "2trqk8eCD22jyONdjDhbAc",
    "objectName" : "Fixed-Width File Format2_new",
    "objectType" : "FWCONFIG",
    "path" : "/Explore/Default",
    "metadata" : {
      "modelVersion" : {
        "major" : 0,
        "minor" : 0
      },
      "repoInfo" : {
        "repoHandle" : "012X2C29000000000003"
      },
      "objectRefs" : [ ],
      "contextAttributes" : [ {
        "name" : "id",
        "value" : "@1"
      } ],
      "additionalInfo" : {
        "description" : "",
        "contentType" : "JSON",
        "documentState" : "VALID"
      }
    }
  }, {
    "objectGuid" : "8RB7Ew3U0F0fuEO8OOqXqY",
    "objectName" : "Default",
    "objectType" : "Project",
    "path" : "/Explore",
    "metadata" : {
      "modelVersion" : {
        "major" : 0,
        "minor" : 0
      },
      "repoInfo" : null,
      "objectRefs" : [ ],
      "contextAttributes" : [ {
        "name" : "IS_DEF_LOC",
        "value" : "true"
      } ],
      "additionalInfo" : {
        "description" : "Auto-generated Default Project",
        "contentType" : null,
        "documentState" : "COMPLETE"
      }
    }
  }, {
    "objectGuid" : "0845Z72ynV7kupv1kjSGKw",
    "objectName" : "23005ee9818a570",
    "objectType" : "AgentGroup",
    "path" : "/SYS",
    "metadata" : {
      "modelVersion" : {
        "major" : 0,
        "minor" : 0
      },
      "repoInfo" : {
        "repoHandle" : "012X2C25000000000002"
      },
      "objectRefs" : [ ],
      "contextAttributes" : [ {
        "name" : "id",
        "value" : "@1"
      } ],
      "additionalInfo" : {
        "description" : null,
        "contentType" : "JSON",
        "documentState" : "VALID"
      }
    }
  }, {
    "objectGuid" : "5u1TRiXgLYSc3TLoXKdHkk",
    "objectName" : "MappingTask_Staging",
    "objectType" : "MTT",
    "path" : "/Explore/Default",
    "metadata" : {
      "modelVersion" : {
        "major" : 0,
        "minor" : 0
      },
      "repoInfo" : {
        "repoHandle" : "012X2C0Z00000000000N"
      },
      "objectRefs" : [ "2trqk8eCD22jyONdjDhbAc", "0845Z72ynV7kupv1kjSGKw", "4dniIJ77Rg7fmygKNUKecp", "7sYIt7XtKaPiq778RM0288", "a4Ern4yUaRlhqdI8tr3WE3" ],
      "contextAttributes" : [ {
        "name" : "id",
        "value" : "@1"
      } ],
      "additionalInfo" : {
        "description" : null,
        "contentType" : "JSON",
        "documentState" : "VALID"
      }
    }
  }, {
    "objectGuid" : "4dniIJ77Rg7fmygKNUKecp",
    "objectName" : "SQLserver",
    "objectType" : "Connection",
    "path" : "/SYS",
    "metadata" : {
      "modelVersion" : {
        "major" : 0,
        "minor" : 0
      },
      "repoInfo" : {
        "repoHandle" : "012X2C0B000000000006"
      },
      "objectRefs" : [ "0845Z72ynV7kupv1kjSGKw" ],
      "contextAttributes" : [ {
        "name" : "id",
        "value" : "@1"
      } ],
      "additionalInfo" : {
        "description" : null,
        "contentType" : "JSON",
        "documentState" : "COMPLETE"
      }
    }
  }, {
    "objectGuid" : "7sYIt7XtKaPiq778RM0288",
    "objectName" : "Result_Staging",
    "objectType" : "DTEMPLATE",
    "path" : "/Explore/Default",
    "metadata" : {
      "modelVersion" : {
        "major" : 0,
        "minor" : 0
      },
      "repoInfo" : {
        "repoHandle" : "012X2C1700000000000G"
      },
      "objectRefs" : [ "2trqk8eCD22jyONdjDhbAc", "4dniIJ77Rg7fmygKNUKecp", "a4Ern4yUaRlhqdI8tr3WE3" ],
      "contextAttributes" : [ {
        "name" : "id",
        "value" : "@1"
      } ],
      "additionalInfo" : {
        "description" : "",
        "contentType" : "JSON",
        "documentState" : "VALID"
      }
    }
  }, {
    "objectGuid" : "a4Ern4yUaRlhqdI8tr3WE3",
    "objectName" : "IICS",
    "objectType" : "Connection",
    "path" : "/SYS",
    "metadata" : {
      "modelVersion" : {
        "major" : 0,
        "minor" : 0
      },
      "repoInfo" : {
        "repoHandle" : "012X2C0B000000000004"
      },
      "objectRefs" : [ "0845Z72ynV7kupv1kjSGKw" ],
      "contextAttributes" : [ {
        "name" : "id",
        "value" : "@1"
      } ],
      "additionalInfo" : {
        "description" : null,
        "contentType" : "JSON",
        "documentState" : "COMPLETE"
      }
    }
  } ]
}