<aetgt:getResponse xmlns:aetgt="http://schemas.active-endpoints.com/appmodules/repository/2010/10/avrepository.xsd"
                   xmlns:types1="http://schemas.active-endpoints.com/appmodules/repository/2010/10/avrepository.xsd">
   <types1:Item>
      <types1:EntryId>1BghuImXycotFgp-gt-226989-2025-04-07T04:15:31.851Z::tf.xml</types1:EntryId>
      <types1:Name>Integrated_workflow</types1:Name>
      <types1:MimeType>application/xml+taskflow</types1:MimeType>
      <types1:Description/>
      <types1:AppliesTo/>
      <types1:Tags/>
      <types1:VersionLabel>1.0</types1:VersionLabel>
      <types1:State>CURRENT</types1:State>
      <types1:ProcessGroup/>
      <types1:CreatedBy>testmail012k1@gmail.com</types1:CreatedBy>
      <types1:CreationDate>2025-04-07T04:15:32Z</types1:CreationDate>
      <types1:ModifiedBy>testmail012k1@gmail.com</types1:ModifiedBy>
      <types1:ModificationDate>2025-04-07T04:19:34Z</types1:ModificationDate>
      <types1:PublicationStatus>published</types1:PublicationStatus>
      <types1:PublishedBy>testmail012k1@gmail.com</types1:PublishedBy>
      <types1:PublicationDate>2025-04-07T04:19:40Z</types1:PublicationDate>
      <types1:PublishedContributionId>project:/tf.Integrated_workflow/Integrated_workflow.tf.xml</types1:PublishedContributionId>
      <types1:Entry>
         <taskflow xmlns="http://schemas.active-endpoints.com/appmodules/screenflow/2010/10/avosScreenflow.xsd"
                   xmlns:tfm="http://schemas.active-endpoints.com/appmodules/screenflow/2021/04/taskflowModel.xsd"
                   xmlns:list="urn:activevos:spi:list:functions"
                   displayName="Integrated_workflow"
                   name="Integrated_workflow"
                   overrideAPIName="false">
            <parameterSet xmlns="http://schemas.active-endpoints.com/appmodules/screenflow/2021/04/taskflowModel.xsd"/>
            <appliesTo/>
            <description/>
            <tags/>
            <generator>Informatica Process Designer 11</generator>
            <tempFields>
               <field description="" name="College" type="reference">
                  <options>
                     <option name="referenceTo">$po:MappingTask-College-4J6WjBdKX8nfGK7XAkXj8i</option>
                  </options>
               </field>
               <field description="" name="Department" type="reference">
                  <options>
                     <option name="failOnNotRun">false</option>
                     <option name="failOnFault">false</option>
                     <option name="referenceTo">$po:U-Dep-MappingTask-7WGHRDKRd2xjVLMxgpcVQf</option>
                  </options>
               </field>
               <field description="" name="Cource" type="reference">
                  <options>
                     <option name="failOnNotRun">false</option>
                     <option name="failOnFault">false</option>
                     <option name="referenceTo">$po:MappingTask-cource-4DnVKo5nriyiqBtqfTqWGc</option>
                  </options>
               </field>
               <field description="" name="Student" type="reference">
                  <options>
                     <option name="failOnNotRun">false</option>
                     <option name="failOnFault">false</option>
                     <option name="referenceTo">$po:MappingTask-Student-1BxYbHeI6qJjnUWfx9Oe8F</option>
                  </options>
               </field>
               <field description="" name="Faculty" type="reference">
                  <options>
                     <option name="failOnNotRun">false</option>
                     <option name="failOnFault">false</option>
                     <option name="referenceTo">$po:MappingTask-Faculty-5dpiXsr2Pflfix06pp9PQ7</option>
                  </options>
               </field>
               <field description="" name="Time" type="reference">
                  <options>
                     <option name="failOnNotRun">false</option>
                     <option name="failOnFault">false</option>
                     <option name="referenceTo">$po:MappingTask-time-6kXq4tu2Oz4gsqffzN7hGj</option>
                  </options>
               </field>
               <field description="" name="Satging" type="reference">
                  <options>
                     <option name="failOnNotRun">false</option>
                     <option name="failOnFault">false</option>
                     <option name="referenceTo">$po:MappingTask-Staging-5u1TRiXgLYSc3TLoXKdHkk</option>
                  </options>
               </field>
               <field description="" name="Fact" type="reference">
                  <options>
                     <option name="failOnNotRun">false</option>
                     <option name="failOnFault">false</option>
                     <option name="referenceTo">$po:MappingTask-Fact-fAzqYMis3uil8BST1sbJQV</option>
                  </options>
               </field>
               <field description="" name="Aggregator" type="reference">
                  <options>
                     <option name="failOnNotRun">false</option>
                     <option name="failOnFault">false</option>
                     <option name="referenceTo">$po:MappingTask-Aggregatgor-0DerCz5Ll4AiGITArzjz0O</option>
                  </options>
               </field>
            </tempFields>
            <notes/>
            <deployment skipIfRunning="false" suspendOnFault="false" tracingLevel="verbose">
               <rest/>
            </deployment>
            <extData>
               <nvpair name="treatEmptyStringAsNotNull">false</nvpair>
               <nvpair name="treatEmptyObjectListAsArray">false</nvpair>
            </extData>
            <flow id="a">
               <start id="b">
                  <link id="m96jry3l" targetId="m96jry3k"/>
               </start>
               <container id="m96jry3k" type="parallel">
                  <title>Parallel Paths 1</title>
                  <flow id="m96jry3o">
                     <eventContainer id="m96jry4h">
                        <service id="m96jry3w">
                           <title>College</title>
                           <serviceName>ICSExecuteDataTask</serviceName>
                           <serviceGUID/>
                           <serviceInput>
                              <parameter name="Wait for Task to Complete" source="constant" updatable="true">true</parameter>
                              <parameter name="Max Wait" source="constant" updatable="true">604800</parameter>
                              <parameter name="Task Name" source="constant" updatable="true">MappingTask_College</parameter>
                              <parameter name="GUID" source="constant" updatable="true">4J6WjBdKX8nfGK7XAkXj8i</parameter>
                              <parameter name="Task Type" source="constant" updatable="true">MCT</parameter>
                              <parameter name="Has Inout Parameters" source="constant" updatable="true">false</parameter>
                              <parameter name="taskField" source="nested">
                                 <operation source="field" to="MappingTask-College-4J6WjBdKX8nfGK7XAkXj8i">temp.College</operation>
                              </parameter>
                           </serviceInput>
                           <serviceOutput>
                              <operation source="field" to="temp.College/output/Object_Name">Object Name</operation>
                              <operation source="field" to="temp.College/output/Run_Id">Run Id</operation>
                              <operation source="field" to="temp.College/output/Log_Id">Log Id</operation>
                              <operation source="field" to="temp.College/output/Task_Id">Task Id</operation>
                              <operation source="field" to="temp.College/output/Task_Status">Task Status</operation>
                              <operation source="field" to="temp.College/output/Success_Source_Rows">Success Source Rows</operation>
                              <operation source="field" to="temp.College/output/Failed_Source_Rows">Failed Source Rows</operation>
                              <operation source="field" to="temp.College/output/Success_Target_Rows">Success Target Rows</operation>
                              <operation source="field" to="temp.College/output/Failed_Target_Rows">Failed Target Rows</operation>
                              <operation source="field" to="temp.College/output/Start_Time">Start Time</operation>
                              <operation source="field" to="temp.College/output/End_Time">End Time</operation>
                              <operation source="field" to="temp.College/output/Error_Message">Error Message</operation>
                              <operation source="field" to="temp.College/output/TotalTransErrors">Total Transformation Errors</operation>
                              <operation source="field" to="temp.College/output/FirstErrorCode">First Error Code</operation>
                           </serviceOutput>
                        </service>
                        <events>
                           <catch faultField="temp.College/fault"
                                  id="m96jry2x"
                                  interrupting="true"
                                  name="error">
                              <suspend/>
                           </catch>
                           <catch faultField="temp.College/fault"
                                  id="m96jry2y"
                                  interrupting="true"
                                  name="warning"/>
                        </events>
                     </eventContainer>
                     <link id="m96jry3p" targetId="m96jry3k" type="containerLink"/>
                  </flow>
                  <flow id="m96jry3r">
                     <eventContainer id="m96jry5d">
                        <service id="m96jry57">
                           <title>Department</title>
                           <serviceName>ICSExecuteDataTask</serviceName>
                           <serviceGUID/>
                           <serviceInput>
                              <parameter name="Wait for Task to Complete" source="constant" updatable="true">true</parameter>
                              <parameter name="Max Wait" source="constant" updatable="true">604800</parameter>
                              <parameter name="Task Name" source="constant" updatable="true">U_Dep_MappingTask</parameter>
                              <parameter name="GUID" source="constant" updatable="true">7WGHRDKRd2xjVLMxgpcVQf</parameter>
                              <parameter name="Task Type" source="constant" updatable="true">MCT</parameter>
                              <parameter name="Has Inout Parameters" source="constant" updatable="true">false</parameter>
                              <parameter name="taskField" source="nested">
                                 <operation source="field" to="U-Dep-MappingTask-7WGHRDKRd2xjVLMxgpcVQf">temp.Department</operation>
                              </parameter>
                           </serviceInput>
                           <serviceOutput>
                              <operation source="field" to="temp.Department/output/Object_Name">Object Name</operation>
                              <operation source="field" to="temp.Department/output/Run_Id">Run Id</operation>
                              <operation source="field" to="temp.Department/output/Log_Id">Log Id</operation>
                              <operation source="field" to="temp.Department/output/Task_Id">Task Id</operation>
                              <operation source="field" to="temp.Department/output/Task_Status">Task Status</operation>
                              <operation source="field" to="temp.Department/output/Success_Source_Rows">Success Source Rows</operation>
                              <operation source="field" to="temp.Department/output/Failed_Source_Rows">Failed Source Rows</operation>
                              <operation source="field" to="temp.Department/output/Success_Target_Rows">Success Target Rows</operation>
                              <operation source="field" to="temp.Department/output/Failed_Target_Rows">Failed Target Rows</operation>
                              <operation source="field" to="temp.Department/output/Start_Time">Start Time</operation>
                              <operation source="field" to="temp.Department/output/End_Time">End Time</operation>
                              <operation source="field" to="temp.Department/output/Error_Message">Error Message</operation>
                              <operation source="field" to="temp.Department/output/TotalTransErrors">Total Transformation Errors</operation>
                              <operation source="field" to="temp.Department/output/FirstErrorCode">First Error Code</operation>
                           </serviceOutput>
                        </service>
                        <link id="m96jry6l" targetId="m96jry79"/>
                        <events>
                           <catch faultField="temp.Department/fault"
                                  id="m96jry5b"
                                  interrupting="true"
                                  name="error">
                              <suspend/>
                           </catch>
                           <catch faultField="temp.Department/fault"
                                  id="m96jry5c"
                                  interrupting="true"
                                  name="warning"/>
                        </events>
                     </eventContainer>
                     <eventContainer id="m96jry79">
                        <service id="m96jry6k">
                           <title>Cource</title>
                           <serviceName>ICSExecuteDataTask</serviceName>
                           <serviceGUID/>
                           <serviceInput>
                              <parameter name="Wait for Task to Complete" source="constant" updatable="true">true</parameter>
                              <parameter name="Max Wait" source="constant" updatable="true">604800</parameter>
                              <parameter name="Task Name" source="constant" updatable="true">MappingTask_cource</parameter>
                              <parameter name="GUID" source="constant" updatable="true">4DnVKo5nriyiqBtqfTqWGc</parameter>
                              <parameter name="Task Type" source="constant" updatable="true">MCT</parameter>
                              <parameter name="Has Inout Parameters" source="constant" updatable="true">false</parameter>
                              <parameter name="taskField" source="nested">
                                 <operation source="field" to="MappingTask-cource-4DnVKo5nriyiqBtqfTqWGc">temp.Cource</operation>
                              </parameter>
                           </serviceInput>
                           <serviceOutput>
                              <operation source="field" to="temp.Cource/output/Object_Name">Object Name</operation>
                              <operation source="field" to="temp.Cource/output/Run_Id">Run Id</operation>
                              <operation source="field" to="temp.Cource/output/Log_Id">Log Id</operation>
                              <operation source="field" to="temp.Cource/output/Task_Id">Task Id</operation>
                              <operation source="field" to="temp.Cource/output/Task_Status">Task Status</operation>
                              <operation source="field" to="temp.Cource/output/Success_Source_Rows">Success Source Rows</operation>
                              <operation source="field" to="temp.Cource/output/Failed_Source_Rows">Failed Source Rows</operation>
                              <operation source="field" to="temp.Cource/output/Success_Target_Rows">Success Target Rows</operation>
                              <operation source="field" to="temp.Cource/output/Failed_Target_Rows">Failed Target Rows</operation>
                              <operation source="field" to="temp.Cource/output/Start_Time">Start Time</operation>
                              <operation source="field" to="temp.Cource/output/End_Time">End Time</operation>
                              <operation source="field" to="temp.Cource/output/Error_Message">Error Message</operation>
                              <operation source="field" to="temp.Cource/output/TotalTransErrors">Total Transformation Errors</operation>
                              <operation source="field" to="temp.Cource/output/FirstErrorCode">First Error Code</operation>
                           </serviceOutput>
                        </service>
                        <events>
                           <catch faultField="temp.Cource/fault"
                                  id="m96jry77"
                                  interrupting="true"
                                  name="error">
                              <suspend/>
                           </catch>
                           <catch faultField="temp.Cource/fault"
                                  id="m96jry78"
                                  interrupting="true"
                                  name="warning"/>
                        </events>
                     </eventContainer>
                     <link id="m96jry3s" targetId="m96jry3k" type="containerLink"/>
                  </flow>
                  <flow id="m96jry88">
                     <eventContainer id="m96jry9y">
                        <service id="m96jry8m">
                           <title>Student</title>
                           <serviceName>ICSExecuteDataTask</serviceName>
                           <serviceGUID/>
                           <serviceInput>
                              <parameter name="Wait for Task to Complete" source="constant" updatable="true">true</parameter>
                              <parameter name="Max Wait" source="constant" updatable="true">604800</parameter>
                              <parameter name="Task Name" source="constant" updatable="true">MappingTask_Student</parameter>
                              <parameter name="GUID" source="constant" updatable="true">1BxYbHeI6qJjnUWfx9Oe8F</parameter>
                              <parameter name="Task Type" source="constant" updatable="true">MCT</parameter>
                              <parameter name="Has Inout Parameters" source="constant" updatable="true">false</parameter>
                              <parameter name="taskField" source="nested">
                                 <operation source="field" to="MappingTask-Student-1BxYbHeI6qJjnUWfx9Oe8F">temp.Student</operation>
                              </parameter>
                           </serviceInput>
                           <serviceOutput>
                              <operation source="field" to="temp.Student/output/Object_Name">Object Name</operation>
                              <operation source="field" to="temp.Student/output/Run_Id">Run Id</operation>
                              <operation source="field" to="temp.Student/output/Log_Id">Log Id</operation>
                              <operation source="field" to="temp.Student/output/Task_Id">Task Id</operation>
                              <operation source="field" to="temp.Student/output/Task_Status">Task Status</operation>
                              <operation source="field" to="temp.Student/output/Success_Source_Rows">Success Source Rows</operation>
                              <operation source="field" to="temp.Student/output/Failed_Source_Rows">Failed Source Rows</operation>
                              <operation source="field" to="temp.Student/output/Success_Target_Rows">Success Target Rows</operation>
                              <operation source="field" to="temp.Student/output/Failed_Target_Rows">Failed Target Rows</operation>
                              <operation source="field" to="temp.Student/output/Start_Time">Start Time</operation>
                              <operation source="field" to="temp.Student/output/End_Time">End Time</operation>
                              <operation source="field" to="temp.Student/output/Error_Message">Error Message</operation>
                              <operation source="field" to="temp.Student/output/TotalTransErrors">Total Transformation Errors</operation>
                              <operation source="field" to="temp.Student/output/FirstErrorCode">First Error Code</operation>
                           </serviceOutput>
                        </service>
                        <events>
                           <catch faultField="temp.Student/fault"
                                  id="m96jry9w"
                                  interrupting="true"
                                  name="error">
                              <suspend/>
                           </catch>
                           <catch faultField="temp.Student/fault"
                                  id="m96jry9x"
                                  interrupting="true"
                                  name="warning"/>
                        </events>
                     </eventContainer>
                     <link id="m96jry89" targetId="m96jry3k" type="containerLink"/>
                  </flow>
                  <flow id="m96jry8e">
                     <eventContainer id="m96jrybz">
                        <service id="m96jryb9">
                           <title>Faculty</title>
                           <serviceName>ICSExecuteDataTask</serviceName>
                           <serviceGUID/>
                           <serviceInput>
                              <parameter name="Wait for Task to Complete" source="constant" updatable="true">true</parameter>
                              <parameter name="Max Wait" source="constant" updatable="true">604800</parameter>
                              <parameter name="Task Name" source="constant" updatable="true">MappingTask_Faculty</parameter>
                              <parameter name="GUID" source="constant" updatable="true">5dpiXsr2Pflfix06pp9PQ7</parameter>
                              <parameter name="Task Type" source="constant" updatable="true">MCT</parameter>
                              <parameter name="Has Inout Parameters" source="constant" updatable="true">false</parameter>
                              <parameter name="taskField" source="nested">
                                 <operation source="field" to="MappingTask-Faculty-5dpiXsr2Pflfix06pp9PQ7">temp.Faculty</operation>
                              </parameter>
                           </serviceInput>
                           <serviceOutput>
                              <operation source="field" to="temp.Faculty/output/Object_Name">Object Name</operation>
                              <operation source="field" to="temp.Faculty/output/Run_Id">Run Id</operation>
                              <operation source="field" to="temp.Faculty/output/Log_Id">Log Id</operation>
                              <operation source="field" to="temp.Faculty/output/Task_Id">Task Id</operation>
                              <operation source="field" to="temp.Faculty/output/Task_Status">Task Status</operation>
                              <operation source="field" to="temp.Faculty/output/Success_Source_Rows">Success Source Rows</operation>
                              <operation source="field" to="temp.Faculty/output/Failed_Source_Rows">Failed Source Rows</operation>
                              <operation source="field" to="temp.Faculty/output/Success_Target_Rows">Success Target Rows</operation>
                              <operation source="field" to="temp.Faculty/output/Failed_Target_Rows">Failed Target Rows</operation>
                              <operation source="field" to="temp.Faculty/output/Start_Time">Start Time</operation>
                              <operation source="field" to="temp.Faculty/output/End_Time">End Time</operation>
                              <operation source="field" to="temp.Faculty/output/Error_Message">Error Message</operation>
                              <operation source="field" to="temp.Faculty/output/TotalTransErrors">Total Transformation Errors</operation>
                              <operation source="field" to="temp.Faculty/output/FirstErrorCode">First Error Code</operation>
                           </serviceOutput>
                        </service>
                        <events>
                           <catch faultField="temp.Faculty/fault"
                                  id="m96jrybx"
                                  interrupting="true"
                                  name="error">
                              <suspend/>
                           </catch>
                           <catch faultField="temp.Faculty/fault"
                                  id="m96jryby"
                                  interrupting="true"
                                  name="warning"/>
                        </events>
                     </eventContainer>
                     <link id="m96jry8f" targetId="m96jry3k" type="containerLink"/>
                  </flow>
                  <flow id="m96jryd9">
                     <eventContainer id="m96jrye9">
                        <service id="m96jrydi">
                           <title>Time</title>
                           <serviceName>ICSExecuteDataTask</serviceName>
                           <serviceGUID/>
                           <serviceInput>
                              <parameter name="Wait for Task to Complete" source="constant" updatable="true">true</parameter>
                              <parameter name="Max Wait" source="constant" updatable="true">604800</parameter>
                              <parameter name="Task Name" source="constant" updatable="true">MappingTask_time</parameter>
                              <parameter name="GUID" source="constant" updatable="true">6kXq4tu2Oz4gsqffzN7hGj</parameter>
                              <parameter name="Task Type" source="constant" updatable="true">MCT</parameter>
                              <parameter name="Has Inout Parameters" source="constant" updatable="true">false</parameter>
                              <parameter name="taskField" source="nested">
                                 <operation source="field" to="MappingTask-time-6kXq4tu2Oz4gsqffzN7hGj">temp.Time</operation>
                              </parameter>
                           </serviceInput>
                           <serviceOutput>
                              <operation source="field" to="temp.Time/output/Object_Name">Object Name</operation>
                              <operation source="field" to="temp.Time/output/Run_Id">Run Id</operation>
                              <operation source="field" to="temp.Time/output/Log_Id">Log Id</operation>
                              <operation source="field" to="temp.Time/output/Task_Id">Task Id</operation>
                              <operation source="field" to="temp.Time/output/Task_Status">Task Status</operation>
                              <operation source="field" to="temp.Time/output/Success_Source_Rows">Success Source Rows</operation>
                              <operation source="field" to="temp.Time/output/Failed_Source_Rows">Failed Source Rows</operation>
                              <operation source="field" to="temp.Time/output/Success_Target_Rows">Success Target Rows</operation>
                              <operation source="field" to="temp.Time/output/Failed_Target_Rows">Failed Target Rows</operation>
                              <operation source="field" to="temp.Time/output/Start_Time">Start Time</operation>
                              <operation source="field" to="temp.Time/output/End_Time">End Time</operation>
                              <operation source="field" to="temp.Time/output/Error_Message">Error Message</operation>
                              <operation source="field" to="temp.Time/output/TotalTransErrors">Total Transformation Errors</operation>
                              <operation source="field" to="temp.Time/output/FirstErrorCode">First Error Code</operation>
                           </serviceOutput>
                        </service>
                        <events>
                           <catch faultField="temp.Time/fault"
                                  id="m96jrye7"
                                  interrupting="true"
                                  name="error">
                              <suspend/>
                           </catch>
                           <catch faultField="temp.Time/fault"
                                  id="m96jrye8"
                                  interrupting="true"
                                  name="warning"/>
                        </events>
                     </eventContainer>
                     <link id="m96jryda" targetId="m96jry3k" type="containerLink"/>
                  </flow>
                  <link id="m96jry3n" targetId="m96jry3o" type="containerLink"/>
                  <link id="m96jry3q" targetId="m96jry3r" type="containerLink"/>
                  <link id="m96jry87" targetId="m96jry88" type="containerLink"/>
                  <link id="m96jry8d" targetId="m96jry8e" type="containerLink"/>
                  <link id="m96jryfn" targetId="m96jryh4"/>
                  <link id="m96jryd8" targetId="m96jryd9" type="containerLink"/>
               </container>
               <eventContainer id="m96jryh4">
                  <service id="m96jryfm">
                     <title>Satging</title>
                     <serviceName>ICSExecuteDataTask</serviceName>
                     <serviceGUID/>
                     <serviceInput>
                        <parameter name="Wait for Task to Complete" source="constant" updatable="true">true</parameter>
                        <parameter name="Max Wait" source="constant" updatable="true">604800</parameter>
                        <parameter name="Task Name" source="constant" updatable="true">MappingTask_Staging</parameter>
                        <parameter name="GUID" source="constant" updatable="true">5u1TRiXgLYSc3TLoXKdHkk</parameter>
                        <parameter name="Task Type" source="constant" updatable="true">MCT</parameter>
                        <parameter name="Has Inout Parameters" source="constant" updatable="true">false</parameter>
                        <parameter name="taskField" source="nested">
                           <operation source="field" to="MappingTask-Staging-5u1TRiXgLYSc3TLoXKdHkk">temp.Satging</operation>
                        </parameter>
                     </serviceInput>
                     <serviceOutput>
                        <operation source="field" to="temp.Satging/output/Object_Name">Object Name</operation>
                        <operation source="field" to="temp.Satging/output/Run_Id">Run Id</operation>
                        <operation source="field" to="temp.Satging/output/Log_Id">Log Id</operation>
                        <operation source="field" to="temp.Satging/output/Task_Id">Task Id</operation>
                        <operation source="field" to="temp.Satging/output/Task_Status">Task Status</operation>
                        <operation source="field" to="temp.Satging/output/Success_Source_Rows">Success Source Rows</operation>
                        <operation source="field" to="temp.Satging/output/Failed_Source_Rows">Failed Source Rows</operation>
                        <operation source="field" to="temp.Satging/output/Success_Target_Rows">Success Target Rows</operation>
                        <operation source="field" to="temp.Satging/output/Failed_Target_Rows">Failed Target Rows</operation>
                        <operation source="field" to="temp.Satging/output/Start_Time">Start Time</operation>
                        <operation source="field" to="temp.Satging/output/End_Time">End Time</operation>
                        <operation source="field" to="temp.Satging/output/Error_Message">Error Message</operation>
                        <operation source="field" to="temp.Satging/output/TotalTransErrors">Total Transformation Errors</operation>
                        <operation source="field" to="temp.Satging/output/FirstErrorCode">First Error Code</operation>
                     </serviceOutput>
                  </service>
                  <link id="m96jryfy" targetId="m96jryiz"/>
                  <events>
                     <catch faultField="temp.Satging/fault"
                            id="m96jryh2"
                            interrupting="true"
                            name="error">
                        <suspend/>
                     </catch>
                     <catch faultField="temp.Satging/fault"
                            id="m96jryh3"
                            interrupting="true"
                            name="warning"/>
                  </events>
               </eventContainer>
               <eventContainer id="m96jryiz">
                  <service id="m96jryfx">
                     <title>Fact</title>
                     <serviceName>ICSExecuteDataTask</serviceName>
                     <serviceGUID/>
                     <serviceInput>
                        <parameter name="Wait for Task to Complete" source="constant" updatable="true">true</parameter>
                        <parameter name="Max Wait" source="constant" updatable="true">604800</parameter>
                        <parameter name="Task Name" source="constant" updatable="true">MappingTask_Fact</parameter>
                        <parameter name="GUID" source="constant" updatable="true">fAzqYMis3uil8BST1sbJQV</parameter>
                        <parameter name="Task Type" source="constant" updatable="true">MCT</parameter>
                        <parameter name="Has Inout Parameters" source="constant" updatable="true">false</parameter>
                        <parameter name="taskField" source="nested">
                           <operation source="field" to="MappingTask-Fact-fAzqYMis3uil8BST1sbJQV">temp.Fact</operation>
                        </parameter>
                     </serviceInput>
                     <serviceOutput>
                        <operation source="field" to="temp.Fact/output/Object_Name">Object Name</operation>
                        <operation source="field" to="temp.Fact/output/Run_Id">Run Id</operation>
                        <operation source="field" to="temp.Fact/output/Log_Id">Log Id</operation>
                        <operation source="field" to="temp.Fact/output/Task_Id">Task Id</operation>
                        <operation source="field" to="temp.Fact/output/Task_Status">Task Status</operation>
                        <operation source="field" to="temp.Fact/output/Success_Source_Rows">Success Source Rows</operation>
                        <operation source="field" to="temp.Fact/output/Failed_Source_Rows">Failed Source Rows</operation>
                        <operation source="field" to="temp.Fact/output/Success_Target_Rows">Success Target Rows</operation>
                        <operation source="field" to="temp.Fact/output/Failed_Target_Rows">Failed Target Rows</operation>
                        <operation source="field" to="temp.Fact/output/Start_Time">Start Time</operation>
                        <operation source="field" to="temp.Fact/output/End_Time">End Time</operation>
                        <operation source="field" to="temp.Fact/output/Error_Message">Error Message</operation>
                        <operation source="field" to="temp.Fact/output/TotalTransErrors">Total Transformation Errors</operation>
                        <operation source="field" to="temp.Fact/output/FirstErrorCode">First Error Code</operation>
                     </serviceOutput>
                  </service>
                  <link id="m96jryg9" targetId="m96jrykz"/>
                  <events>
                     <catch faultField="temp.Fact/fault"
                            id="m96jryix"
                            interrupting="true"
                            name="error">
                        <suspend/>
                     </catch>
                     <catch faultField="temp.Fact/fault"
                            id="m96jryiy"
                            interrupting="true"
                            name="warning"/>
                  </events>
               </eventContainer>
               <eventContainer id="m96jrykz">
                  <service id="m96jryg8">
                     <title>Aggregator</title>
                     <serviceName>ICSExecuteDataTask</serviceName>
                     <serviceGUID/>
                     <serviceInput>
                        <parameter name="Wait for Task to Complete" source="constant" updatable="true">true</parameter>
                        <parameter name="Max Wait" source="constant" updatable="true">604800</parameter>
                        <parameter name="Task Name" source="constant" updatable="true">MappingTask_Aggregatgor</parameter>
                        <parameter name="GUID" source="constant" updatable="true">0DerCz5Ll4AiGITArzjz0O</parameter>
                        <parameter name="Task Type" source="constant" updatable="true">MCT</parameter>
                        <parameter name="Has Inout Parameters" source="constant" updatable="true">false</parameter>
                        <parameter name="taskField" source="nested">
                           <operation source="field" to="MappingTask-Aggregatgor-0DerCz5Ll4AiGITArzjz0O">temp.Aggregator</operation>
                        </parameter>
                     </serviceInput>
                     <serviceOutput>
                        <operation source="field" to="temp.Aggregator/output/Object_Name">Object Name</operation>
                        <operation source="field" to="temp.Aggregator/output/Run_Id">Run Id</operation>
                        <operation source="field" to="temp.Aggregator/output/Log_Id">Log Id</operation>
                        <operation source="field" to="temp.Aggregator/output/Task_Id">Task Id</operation>
                        <operation source="field" to="temp.Aggregator/output/Task_Status">Task Status</operation>
                        <operation source="field" to="temp.Aggregator/output/Success_Source_Rows">Success Source Rows</operation>
                        <operation source="field" to="temp.Aggregator/output/Failed_Source_Rows">Failed Source Rows</operation>
                        <operation source="field" to="temp.Aggregator/output/Success_Target_Rows">Success Target Rows</operation>
                        <operation source="field" to="temp.Aggregator/output/Failed_Target_Rows">Failed Target Rows</operation>
                        <operation source="field" to="temp.Aggregator/output/Start_Time">Start Time</operation>
                        <operation source="field" to="temp.Aggregator/output/End_Time">End Time</operation>
                        <operation source="field" to="temp.Aggregator/output/Error_Message">Error Message</operation>
                        <operation source="field" to="temp.Aggregator/output/TotalTransErrors">Total Transformation Errors</operation>
                        <operation source="field" to="temp.Aggregator/output/FirstErrorCode">First Error Code</operation>
                     </serviceOutput>
                  </service>
                  <link id="m96jrygk" targetId="m96jrygj"/>
                  <events>
                     <catch faultField="temp.Aggregator/fault"
                            id="m96jrykx"
                            interrupting="true"
                            name="error">
                        <suspend/>
                     </catch>
                     <catch faultField="temp.Aggregator/fault"
                            id="m96jryky"
                            interrupting="true"
                            name="warning"/>
                  </events>
               </eventContainer>
               <service id="m96jrygj">
                  <title>Notification Task</title>
                  <serviceName>emailNotificationService</serviceName>
                  <serviceGUID/>
                  <serviceInput>
                     <parameter name="Email To" source="constant">praveenannadurai1912k4@gmail.com</parameter>
                     <parameter name="Email Cc" source="constant"/>
                     <parameter name="Email Bcc" source="constant"/>
                     <parameter name="Email Subject" source="constant">Detail about work</parameter>
                     <parameter name="Email Content Type" source="constant">text</parameter>
                     <parameter name="Email Body" source="constant"/>
                  </serviceInput>
                  <serviceOutput/>
                  <link id="m96jrygl" targetId="c"/>
               </service>
               <end id="c"/>
            </flow>
            <dependencies>
               <processObject xmlns="http://schemas.active-endpoints.com/appmodules/screenflow/2011/06/avosHostEnvironment.xsd"
                              displayName="MappingTask-College-4J6WjBdKX8nfGK7XAkXj8i"
                              isByCopy="true"
                              name="MappingTask-College-4J6WjBdKX8nfGK7XAkXj8i">
                  <description/>
                  <tags/>
                  <detail>
                     <field label="TaskProperties Parameters"
                            name="taskProperties"
                            nullable="true"
                            required="false"
                            type="reference"/>
                     <field label="Output Parameters"
                            name="output"
                            nullable="true"
                            required="false"
                            type="reference"/>
                     <field label="Fault"
                            name="fault"
                            nullable="true"
                            required="false"
                            type="reference"/>
                     <field label="Max Wait (Seconds)"
                            name="Max_Wait"
                            nullable="true"
                            required="false"
                            type="int"/>
                  </detail>
               </processObject>
               <processObject xmlns="http://schemas.active-endpoints.com/appmodules/screenflow/2011/06/avosHostEnvironment.xsd"
                              displayName="U-Dep-MappingTask-7WGHRDKRd2xjVLMxgpcVQf"
                              isByCopy="true"
                              name="U-Dep-MappingTask-7WGHRDKRd2xjVLMxgpcVQf">
                  <description/>
                  <tags/>
                  <detail>
                     <field label="TaskProperties Parameters"
                            name="taskProperties"
                            nullable="true"
                            required="false"
                            type="reference"/>
                     <field label="Output Parameters"
                            name="output"
                            nullable="true"
                            required="false"
                            type="reference"/>
                     <field label="Fault"
                            name="fault"
                            nullable="true"
                            required="false"
                            type="reference"/>
                     <field label="Max Wait (Seconds)"
                            name="Max_Wait"
                            nullable="true"
                            required="false"
                            type="int"/>
                  </detail>
               </processObject>
               <processObject xmlns="http://schemas.active-endpoints.com/appmodules/screenflow/2011/06/avosHostEnvironment.xsd"
                              displayName="MappingTask-cource-4DnVKo5nriyiqBtqfTqWGc"
                              isByCopy="true"
                              name="MappingTask-cource-4DnVKo5nriyiqBtqfTqWGc">
                  <description/>
                  <tags/>
                  <detail>
                     <field label="TaskProperties Parameters"
                            name="taskProperties"
                            nullable="true"
                            required="false"
                            type="reference"/>
                     <field label="Output Parameters"
                            name="output"
                            nullable="true"
                            required="false"
                            type="reference"/>
                     <field label="Fault"
                            name="fault"
                            nullable="true"
                            required="false"
                            type="reference"/>
                     <field label="Max Wait (Seconds)"
                            name="Max_Wait"
                            nullable="true"
                            required="false"
                            type="int"/>
                  </detail>
               </processObject>
               <processObject xmlns="http://schemas.active-endpoints.com/appmodules/screenflow/2011/06/avosHostEnvironment.xsd"
                              displayName="MappingTask-Student-1BxYbHeI6qJjnUWfx9Oe8F"
                              isByCopy="true"
                              name="MappingTask-Student-1BxYbHeI6qJjnUWfx9Oe8F">
                  <description/>
                  <tags/>
                  <detail>
                     <field label="TaskProperties Parameters"
                            name="taskProperties"
                            nullable="true"
                            required="false"
                            type="reference"/>
                     <field label="Output Parameters"
                            name="output"
                            nullable="true"
                            required="false"
                            type="reference"/>
                     <field label="Fault"
                            name="fault"
                            nullable="true"
                            required="false"
                            type="reference"/>
                     <field label="Max Wait (Seconds)"
                            name="Max_Wait"
                            nullable="true"
                            required="false"
                            type="int"/>
                  </detail>
               </processObject>
               <processObject xmlns="http://schemas.active-endpoints.com/appmodules/screenflow/2011/06/avosHostEnvironment.xsd"
                              displayName="MappingTask-Faculty-5dpiXsr2Pflfix06pp9PQ7"
                              isByCopy="true"
                              name="MappingTask-Faculty-5dpiXsr2Pflfix06pp9PQ7">
                  <description/>
                  <tags/>
                  <detail>
                     <field label="TaskProperties Parameters"
                            name="taskProperties"
                            nullable="true"
                            required="false"
                            type="reference"/>
                     <field label="Output Parameters"
                            name="output"
                            nullable="true"
                            required="false"
                            type="reference"/>
                     <field label="Fault"
                            name="fault"
                            nullable="true"
                            required="false"
                            type="reference"/>
                     <field label="Max Wait (Seconds)"
                            name="Max_Wait"
                            nullable="true"
                            required="false"
                            type="int"/>
                  </detail>
               </processObject>
               <processObject xmlns="http://schemas.active-endpoints.com/appmodules/screenflow/2011/06/avosHostEnvironment.xsd"
                              displayName="MappingTask-time-6kXq4tu2Oz4gsqffzN7hGj"
                              isByCopy="true"
                              name="MappingTask-time-6kXq4tu2Oz4gsqffzN7hGj">
                  <description/>
                  <tags/>
                  <detail>
                     <field label="TaskProperties Parameters"
                            name="taskProperties"
                            nullable="true"
                            required="false"
                            type="reference"/>
                     <field label="Output Parameters"
                            name="output"
                            nullable="true"
                            required="false"
                            type="reference"/>
                     <field label="Fault"
                            name="fault"
                            nullable="true"
                            required="false"
                            type="reference"/>
                     <field label="Max Wait (Seconds)"
                            name="Max_Wait"
                            nullable="true"
                            required="false"
                            type="int"/>
                  </detail>
               </processObject>
               <processObject xmlns="http://schemas.active-endpoints.com/appmodules/screenflow/2011/06/avosHostEnvironment.xsd"
                              displayName="MappingTask-Staging-5u1TRiXgLYSc3TLoXKdHkk"
                              isByCopy="true"
                              name="MappingTask-Staging-5u1TRiXgLYSc3TLoXKdHkk">
                  <description/>
                  <tags/>
                  <detail>
                     <field label="TaskProperties Parameters"
                            name="taskProperties"
                            nullable="true"
                            required="false"
                            type="reference"/>
                     <field label="Output Parameters"
                            name="output"
                            nullable="true"
                            required="false"
                            type="reference"/>
                     <field label="Fault"
                            name="fault"
                            nullable="true"
                            required="false"
                            type="reference"/>
                     <field label="Max Wait (Seconds)"
                            name="Max_Wait"
                            nullable="true"
                            required="false"
                            type="int"/>
                  </detail>
               </processObject>
               <processObject xmlns="http://schemas.active-endpoints.com/appmodules/screenflow/2011/06/avosHostEnvironment.xsd"
                              displayName="MappingTask-Fact-fAzqYMis3uil8BST1sbJQV"
                              isByCopy="true"
                              name="MappingTask-Fact-fAzqYMis3uil8BST1sbJQV">
                  <description/>
                  <tags/>
                  <detail>
                     <field label="TaskProperties Parameters"
                            name="taskProperties"
                            nullable="true"
                            required="false"
                            type="reference"/>
                     <field label="Output Parameters"
                            name="output"
                            nullable="true"
                            required="false"
                            type="reference"/>
                     <field label="Fault"
                            name="fault"
                            nullable="true"
                            required="false"
                            type="reference"/>
                     <field label="Max Wait (Seconds)"
                            name="Max_Wait"
                            nullable="true"
                            required="false"
                            type="int"/>
                  </detail>
               </processObject>
               <processObject xmlns="http://schemas.active-endpoints.com/appmodules/screenflow/2011/06/avosHostEnvironment.xsd"
                              displayName="MappingTask-Aggregatgor-0DerCz5Ll4AiGITArzjz0O"
                              isByCopy="true"
                              name="MappingTask-Aggregatgor-0DerCz5Ll4AiGITArzjz0O">
                  <description/>
                  <tags/>
                  <detail>
                     <field label="TaskProperties Parameters"
                            name="taskProperties"
                            nullable="true"
                            required="false"
                            type="reference"/>
                     <field label="Output Parameters"
                            name="output"
                            nullable="true"
                            required="false"
                            type="reference"/>
                     <field label="Fault"
                            name="fault"
                            nullable="true"
                            required="false"
                            type="reference"/>
                     <field label="Max Wait (Seconds)"
                            name="Max_Wait"
                            nullable="true"
                            required="false"
                            type="int"/>
                  </detail>
               </processObject>
            </dependencies>
         </taskflow>
      </types1:Entry>
      <types1:GUID>1AFeJKFOQdDlAweY0mv0wI</types1:GUID>
      <types1:DisplayName>Integrated_workflow</types1:DisplayName>
   </types1:Item>
   <types1:CurrentServerDateTime>2025-04-09T03:36:34.43Z</types1:CurrentServerDateTime>
</aetgt:getResponse>
